{"classSelector.allClasses":"All classes","classSelector.selectClass":"Class","classListTitles.classListPageTitle":"Classes","groupManagementPageTitles.groupManagementPageTitle":"Groups","coachExamPageTitles.coachExamListPageTitle":"Exams","coachExamPageTitles.coachExamCreationPageTitle":"Create new exam","coachExamPageTitles.coachExamReportPageTitle":"Exam Report","coachExamPageTitles.coachExamReportDetailPageTitle":"Exam Report Detail","coachReportPageTitles.recentChannelsPageTitle":"Recent - All channels","coachReportPageTitles.recentItemsForChannelPageTitle":"Recent - Items","coachReportPageTitles.recentPageTitle":"Recent","coachReportPageTitles.recentLearnerActivityReportPageTitle":"Recent - Learners","coachReportPageTitles.recentActivityLearnerDetailsReportPageTitle":"Recent - Learner Details","coachReportPageTitles.topicsReportAllChannelsPageTitle":"Topics - All channels","coachReportPageTitles.topicsForChannelReportPageTitle":"Topics - Channel","coachReportPageTitles.topicsContentItemsReportPageTitle":"Topics - Items","coachReportPageTitles.topicsLearnersReportForContentItemPageTitle":"Topics - Learners","coachReportPageTitles.topicsLearnerDetailReportPageTitle":"Topics - Learner Details","coachReportPageTitles.learnersReportPageTitle":"Learners","coachReportPageTitles.learnersReportAllChannelsPageTitle":"Learners - All channels","coachReportPageTitles.learnersReportForChannelPageTitle":"Learners - Channel","coachReportPageTitles.learnersReportForContentItemsPageTitle":"Learners - Items","coachReportPageTitles.learnersItemDetailsReportPageTitle":"Learners - Item Details","coachRoot.coachTitle":"Coach","learnerReportPage.name":"Name","learnerReportPage.group":"Group","learnerReportPage.exerciseProgress":"Exercise progress","learnerReportPage.contentProgress":"Resource progress","learnerReportPage.lastActivity":"Last activity","learnerReportPage.exerciseCountText":"{count, number, integer} {count, plural, one {Exercise} other {Exercises}}","learnerReportPage.contentCountText":"{count, number, integer} {count, plural, one {Resource} other {Resources}}","learnerReportPage.noLearners":"You do not have any learners registered yet","progressIndicator.completed":"completed by {0, number, integer} learners","progressIndicator.pct":"{0, number, percent}","headerCell.ascending":"(sorted ascending)","headerCell.descending":"(sorted descending)","coachReportSubheading.subHeading":"Only showing activity in past {threshold} days","coachReportSubheading.noRecentProgress":"No activity in past {threshold} days","reportBreadcrumbs.channels":"Channels","itemReportPage.name":"Name","itemReportPage.avgExerciseProgress":"Avg. exercise progress","itemReportPage.avgContentProgress":"Avg. resource progress","itemReportPage.lastActivity":"Last activity","itemReportPage.exerciseCountText":"{count, number, integer} {count, plural, one {Exercise} other {Exercises}}","itemReportPage.contentCountText":"{count, number, integer} {count, plural, one {Resource} other {Resources}}","coachRecentPageChannelList.recentTitle":"Recent Activity","coachRecentPageChannelList.channels":"Channels","coachRecentPageChannelList.channelList":"Channel list","coachRecentPageChannelList.lastActivity":"Last active","coachRecentReports.title":"Recent Activity","coachRecentReports.name":"Name","coachRecentReports.progress":"Class progress","coachRecentReports.reportProgress":"{completed} {descriptor}","coachRecentReports.listened":"{proportionCompleted} listened","coachRecentReports.opened":"{proportionCompleted} opened","coachRecentReports.watched":"{proportionCompleted} watched","coachRecentReports.mastered":"{proportionCompleted} completed","coachRecentReports.lastActivity":"Last activity","coachExerciseRenderPage.backPrompt":"Back to { backTitle }","coachExerciseQuestionAttempt.currAnswer":"{ordinal, selectordinal, one {#st} two {#nd} few {#rd} other {#th}} answer","coachExerciseQuestionAttempt.questionHeader":"Question {questionNumber, number} attempts","coachExerciseQuestionAttempt.noInteractions":"No attempts made on this question","coachExerciseAnswerHistory.header":"Answer history","coachExerciseAnswerHistory.today":"Today","coachExerciseAnswerHistory.yesterday":"Yesterday","coachExerciseAnswerHistory.daysAgo":"{ daysElapsed } days ago","coachExerciseAnswerHistory.question":"Question { questionNumber, number }","coachExercisePageStatus.statusMastered":"Completed","coachExercisePageStatus.statusInProgress":"In progress","coachExercisePageStatus.requirementsMOfN":"Completion: {m ,number} out of {n, number} correct","coachExercisePageStatus.attemptDateIndicator":"on { date }","coachExercisePageStatus.notStarted":"Not started","coachGroupsPage.classGroups":"Class groups","coachGroupsPage.newGroup":"New group","coachGroupsPage.ungrouped":"Ungrouped","moveLearnersModal.moveLearners":"Move Learners","moveLearnersModal.moveThe":"Move the","moveLearnersModal.to":"to","moveLearnersModal.learners":"{count, number, integer} {count, plural, one {Learner} other {Learners}}","moveLearnersModal.ungrouped":"Ungrouped","moveLearnersModal.cancel":"Cancel","moveLearnersModal.move":"Move","deleteGroupModal.deleteLearnerGroup":"Delete Learner Group","deleteGroupModal.areYouSure":"Are you sure you want to delete '{ groupName }'?","deleteGroupModal.learnersWillBecome":"Learners within this group will become","deleteGroupModal.ungrouped":"Ungrouped","deleteGroupModal.cancel":"Cancel","deleteGroupModal.deleteGroup":"Delete Group","renameGroupModal.renameLearnerGroup":"Rename Learner Group","renameGroupModal.learnerGroupName":"Learner Group Name","renameGroupModal.cancel":"Cancel","renameGroupModal.save":"Save","renameGroupModal.duplicateName":"A group with that name already exists","renameGroupModal.required":"This field is required","coachGroupsTable.numLearners":"{count, number, integer} {count, plural, one {Learner} other {Learners}}","coachGroupsTable.moveLearners":"Move Learners","coachGroupsTable.actions":"Actions","coachGroupsTable.renameGroup":"Rename Group","coachGroupsTable.deleteGroup":"Delete Group","coachGroupsTable.name":"Name","coachGroupsTable.username":"Username","coachGroupsTable.selected":"Selected","coachGroupsTable.noLearners":"No Learners in this group","coachGroupsTable.selectAll":"Select all","coachGroupsTable.selectLearner":"Select learner","createGroupModal.newLearnerGroup":"New Learner Group","createGroupModal.learnerGroupName":"Learner Group Name","createGroupModal.cancel":"Cancel","createGroupModal.save":"Save","createGroupModal.duplicateName":"A group with that name already exists","createGroupModal.required":"This field is required","coachExamDetailPage.backTo":"Back to exam report for { title }","coachExamReportDetailPageStatus.title":"{name} - Exam Performance","coachExamReportDetailPageStatus.overallScore":"Overall score: { score, number, percent }","coachExamReportDetailPageStatus.questionsCorrect":"Questions correct: {correct, number} of {total, number}","coachExamReportDetailPageStatus.completed":"Completed","coachExamReportDetailPageStatus.inProgress":"In progress","coachExamReportDetailPageStatus.notStarted":"Not started","examReportPage.examTakenby":"Exam taken by: {num, plural, one {# learner} other {# learners}}","examReportPage.averageScore":"Average Score: {num, number, percent}","examReportPage.examReport":"Exam report","examReportPage.completed":"Completed","examReportPage.remaining":"{ num, number } {num, plural, one {question} other {questions}} remaining","examReportPage.notstarted":"Not started","examReportPage.name":"Name","examReportPage.status":"Status","examReportPage.score":"Score","examReportPage.scorePercentage":"{num, number, percent}","examReportPage.group":"Group","examReportPage.noExamData":"No data to show.","createExamPage.createNewExam":"Create a new exam from {channelName}","createExamPage.chooseExercises":"Select exercises to pull questions from","createExamPage.selectAll":"Select all","createExamPage.title":"Exam title","createExamPage.numQuestions":"Number of questions","createExamPage.examRequiresTitle":"The exam requires a title","createExamPage.numQuestionsBetween":"The exam requires a number of questions between 1 and 50","createExamPage.numQuestionsExceed":"The max number of questions based on the exercises you selected is {maxQuestionsFromSelection}. Select more exercises to reach {inputNumQuestions} questions, or lower the number of questions to {maxQuestionsFromSelection}.","createExamPage.noneSelected":"No exercises are selected","createExamPage.searchContent":"Search for content within channel","createExamPage.preview":"Preview","createExamPage.finish":"Finish","createExamPage.added":"Added","createExamPage.removed":"Removed","createExamPage.selected":"{count, number, integer} {count, plural, one {Exercise} other {Exercises}} selected","createExamPage.duplicateTitle":"An exam with that title already exists","createExamPage.name":"Name","previewNewExamModal.randomize":"Randomize questions","previewExamModal.preview":"Preview exam","previewExamModal.close":"Close","previewExamModal.question":"Question { num }","previewExamModal.numQuestions":"{ num } questions","previewExamModal.exercise":"Exercise { num }","exerciseRow.selectExercise":"Select exercise","topicRow.exercisesSelected":"{selected, number} of {total, number} {total, plural, one {exercise} other {exercises}} selected","topicRow.selectTopic":"Select topic","coachExamsPage.exams":"Exams","coachExamsPage.classExams":"{className} Exams","coachExamsPage.all":"All","coachExamsPage.active":"Active","coachExamsPage.inactive":"Inactive","coachExamsPage.newExam":"New Exam","coachExamsPage.title":"Title","coachExamsPage.visibleTo":"Visible to","coachExamsPage.noExams":"You do not have any exams. Start by creating a new exam above.","deleteExamModal.deleteExam":"Delete exam","deleteExamModal.areYouSure":"Are you sure you want to delete '{ examTitle }'? You will lose all data for this exam.","deleteExamModal.cancel":"Cancel","deleteExamModal.delete":"Delete","renameExamModal.renameExam":"Rename exam","renameExamModal.examName":"Exam name","renameExamModal.cancel":"Cancel","renameExamModal.rename":"Rename","renameExamModal.duplicateTitle":"An exam with that title already exists","renameExamModal.required":"This field is required","changeExamVisibilityModal.examVisibility":"Change exam visibility","changeExamVisibilityModal.shouldBeVisible":"Make '{ examTitle }' visible to entire class or specific groups","changeExamVisibilityModal.group":"group","changeExamVisibilityModal.selectGroups":"Select groups","changeExamVisibilityModal.entireClass":"Entire { className } class","changeExamVisibilityModal.cancel":"Cancel","changeExamVisibilityModal.update":"Update","deactivateExamModal.deactivateExam":"Deactivate exam","deactivateExamModal.areYouSure":"Are you sure you want to deactivate '{ examTitle }'?","deactivateExamModal.noLongerVisible":"The exam will be no longer be visible to the following:","deactivateExamModal.cancel":"Cancel","deactivateExamModal.deactivate":"Deactivate","deactivateExamModal.entireClass":"Entire class","activateExamModal.activateExam":"Activate exam","activateExamModal.areYouSure":"Are you sure you want to activate '{ examTitle }'?","activateExamModal.willBeVisible":"The exam will be visible to the following:","activateExamModal.cancel":"Cancel","activateExamModal.activate":"Activate","activateExamModal.entireClass":"Entire class","createExamModal.createNewExam":"Create a new exam","createExamModal.createExam":"Create exam","createExamModal.useContentFrom":"Use content from which channel?","createExamModal.selectChannel":"Select channel","createExamModal.cancel":"cancel","examRow.change":"Change","examRow.activate":"Activate","examRow.deactivate":"Deactivate","examRow.previewExam":"Preview exam","examRow.changeVisibility":"Change visibility","examRow.viewReport":"View report","examRow.rename":"Rename","examRow.delete":"Delete","examRow.entireClass":"Entire class","examRow.groups":"{count, number, integer} {count, plural, one {Group} other {Groups}}","examRow.nobody":"Nobody","examRow.options":"Options","coachClassListPage.myClasses":"All classes","coachClassListPage.pageDescription":"View learner progress and performance","coachClassListPage.className":"Class name","coachClassListPage.tableCaption":"List of classes","coachClassListPage.members":"Members","coachClassListPage.noClassesExist":"No Classes Exist.","topNav.recent":"Recent","topNav.topics":"Topics","topNav.exams":"Exams","topNav.learners":"Learners","topNav.groups":"Groups"}
