{"coreTitles.errorPageTitle":"Error","appBar.account":"Account","appBar.profile":"Profile","appBar.signOut":"Sign out","appBar.signIn":"Sign in","appBar.role":"Role","appBar.admin":"Admin","appBar.coach":"Coach","appBar.learner":"Learner","appBar.languageSwitchMenuOption":"Change language","appBar.userMenu":"User menu","languageSwitcherModal.changeLanguageModalHeader":"Change language","languageSwitcherModal.changeLanguageSubHeader":"Select the language you want to view Kolibri in","languageSwitcherModal.cancelButtonText":"Cancel","languageSwitcherModal.confirmButtonText":"Confirm","kFilterTextbox.filter":"filter","kFilterTextbox.clear":"clear","authMessage.admin":"You must be signed in as an Admin to view this page","authMessage.adminOrCoach":"You must be signed in as an Admin or Coach to view this page","authMessage.learner":"You must be signed in as a Learner to view this page","authMessage.registeredUser":"You must be signed in to view this page","authMessage.superuser":"You must have Superuser permissions to view this page","authMessage.forgetToSignIn":"Did you forget to sign in?","elapsedTime.secondsAgo":"{n, number, integer} {n, plural, one {second} other {seconds} } ago","elapsedTime.minutesAgo":"{n, number, integer} {n, plural, one {minute} other {minutes} } ago","elapsedTime.hoursAgo":"{n, number, integer} {n, plural, one {hour} other {hours} } ago","elapsedTime.daysAgo":"{n, number, integer} {n, plural, one {day} other {days} } ago","elapsedTime.weeksAgo":"{n, number, integer} {n, plural, one {week} other {weeks} } ago","elapsedTime.monthsAgo":"{n, number, integer} {n, plural, one {month} other {months} } ago","elapsedTime.yearsAgo":"{n, number, integer} {n, plural, one {year} other {years} } ago","languageSwitcherList.showMoreLanguagesSelector":"More languages","languageSwitcherList.selectedLanguageLabel":"Selected language","sideNav.navigationLabel":"Main user navigation","sideNav.learn":"Learn","sideNav.facility":"Facility","sideNav.coach":"Coach","sideNav.device":"Device","sideNav.signIn":"Sign in","sideNav.profile":"Profile","sideNav.signOut":"Sign out","sideNav.about":"About","sideNav.closeNav":"Close navigation","sideNav.poweredBy":"Kolibri {version}","coreModal.errorAlert":"Error in:","coreModal.goBack":"Go back","coreModal.closeWindow":"Close window","connectionSnackbars.disconnected":"Disconnected from server. Will try to reconnect in { remainingTime }","connectionSnackbars.tryNow":"Try now","connectionSnackbars.tryingToReconnect":"Trying to reconnect…","connectionSnackbars.successfullyReconnected":"Successfully reconnected!","error.errorHeader":"Error","error.errorButtonLabel":"Hide error","error.explanation":"Sorry, something went wrong. Please try refreshing the page","error.errorLabel":"Error details:","permissionsIcon.superuserTooltip":"Superuser","permissionsIcon.limitedPermissionsTooltip":"Limited permissions","progressIcon.inProgress":"In progress","progressIcon.completed":"Completed","progressBar.label":"Progress:","progressBar.pct":"{0, number, percent}","downloadButton.downloadContent":"Download content","contentRender.msgNotAvailable":"This content is not available","contentRender.rendererNotAvailable":"Kolibri is unable to render this content"}
