{"deviceAppPageTitles.manageDeviceContent":"Manage Device Content","deviceAppPageTitles.manageDevicePermissions":"Manage Device Permissions","deviceAppPageTitles.manageUserPermissions":"Manage User Permissions","deviceAppPageTitles.deviceInfo":"Device info","bytesForHumansStrings.fileSizeInBytes":"{n, number, integer} B","bytesForHumansStrings.fileSizeInKilobytes":"{n, number, integer} KB","bytesForHumansStrings.fileSizeInMegabytes":"{n, number, integer} MB","bytesForHumansStrings.fileSizeInGigabytes":"{n, number, integer} GB","deviceManagementRoot.deviceManagementTitle":"Device","welcomeModal.welcomeModalHeader":"Welcome to Kolibri!","welcomeModal.welcomeModalContentDescription":"The first thing you should do is import some content from the Content tab.","welcomeModal.welcomeModalPermissionsDescription":"The admin account you created during setup has special permissions to do this. Learn more in the Permissions tab later.","welcomeModal.welcomeButtonDismissText":"OK","deviceInfoPage.header":"Device Info","deviceInfoPage.kolibriVersion":"Kolibri version","deviceInfoPage.url":"Server {count, plural, one {URL} other {URLs}}","deviceInfoPage.database":"Database path","deviceInfoPage.deviceName":"Device name","deviceInfoPage.os":"Operating system","deviceInfoPage.freeDisk":"Free disk space","deviceInfoPage.serverTime":"Server time","deviceInfoPage.formattedTime":"{datetime, time, long} on {datetime, date, long}","deviceInfoPage.serverTimezone":"Server timezone","userPermissionsPage.cancelButton":"Cancel","userPermissionsPage.devicePermissions":"Device Permissions","userPermissionsPage.devicePermissionsDetails":"Can import and export content channels","userPermissionsPage.goBack":"Go Back","userPermissionsPage.invalidUser":"Invalid User ID","userPermissionsPage.makeSuperuser":"Make superuser","userPermissionsPage.makeSuperuserDetails":"A superuser has all device permissions and is able to manage permissions of other users","userPermissionsPage.saveButton":"Save Changes","userPermissionsPage.saveFailureNotification":"There was a problem saving these changes.","userPermissionsPage.saveInProgressNotification":"Saving...","userPermissionsPage.saveSuccessfulNotification":"Changes saved!","userPermissionsPage.userDoesNotExist":"User does not exist","userPermissionsPage.you":"You","deviceManagementPage.devicePermissionsHeader":"Device Permissions","deviceManagementPage.devicePermissionsDescription":"Make changes to what users can manage on your device","deviceManagementPage.searchPlaceholder":"Search for a user...","userGrid.viewPermissions":"View Permissions","userGrid.editPermissions":"Edit Permissions","userGrid.fullName":"Full Name","userGrid.username":"Username","userGrid.noUsersMatching":"No users matching \"{searchFilter}\"","userGrid.you":"You","manageContentPage.title":"Content","manageContentPage.import":"Import","manageContentPage.export":"Export","manageContentPage.noAccessDetails":"You must be a signed in as a Superuser or have Content Management permissions to view this page","selectContentPage.channelUpToDate":"Channel up-to-date","selectContentPage.newVersionAvailable":"Version {version, number} available","selectContentPage.newVersionAvailableNotification":"New channel version available. Some of your files may be outdated or deleted.","selectContentPage.problemFetchingChannel":"There was a problem getting the contents of this channel","selectContentPage.problemTransferringContents":"There was a problem transferring the selected contents","selectContentPage.selectContent":"Select content","selectContentPage.update":"Update","channelContentsSummary.onDeviceRow":"On your device","channelContentsSummary.resourcesCol":"Resources","channelContentsSummary.resourceCount":"{count, number, useGrouping}","channelContentsSummary.sizeCol":"Size","channelContentsSummary.totalSizeRow":"Total size","channelContentsSummary.version":"Version {version, number, integer}","contentTreeViewer.selectAll":"Select all","contentTreeViewer.topicHasNoContents":"This topic has no sub-topics or resources","treeViewRowMessages.alreadyOnYourDevice":"Already on your device","treeViewRowMessages.fractionOfResourcesOnDevice":"{onDevice, number, useGrouping} of {total, number, useGrouping} resources on your device","treeViewRowMessages.resourcesSelected":"{total, number, useGrouping} {total, plural, one {resource} other {resources}} selected","treeViewRowMessages.fractionOfResourcesSelected":"{selected, number, useGrouping} of {total, number, useGrouping} {total, plural, one {resource} other {resources}} selected","treeViewRowMessages.noTitle":"No title","contentNodeRow.select":"Select","selectedResourcesSize.chooseContentToExport":"Choose content to export","selectedResourcesSize.chooseContentToImport":"Choose content to import","selectedResourcesSize.export":"export","selectedResourcesSize.import":"import","selectedResourcesSize.notEnoughSpace":"Not enough space on your device. Select less content to make more space.","selectedResourcesSize.remainingSpace":"Your remaining space: {space}","selectedResourcesSize.resourcesSelected":"Resources selected: {resources, number, integer} ({fileSize})","selectDriveModal.cancel":"Cancel","selectDriveModal.continue":"Continue","selectDriveModal.findingLocalDrives":"Finding local drives…","selectDriveModal.problemFindingLocalDrives":"There was a problem finding local drives.","selectDriveModal.selectDrive":"Select a drive","selectDriveModal.selectExportDestination":"Select an export destination","wizardDriveList.drivesFound":"Drives found","wizardDriveList.noImportableDrives":"No drives with Kolibri content are connected to the server","wizardDriveList.noExportableDrives":"No drives that can be written to are connected to the server","taskProgress.importingContent":"Importing content…","taskProgress.exportingContent":"Exporting content…","taskProgress.finished":"Finished! Click \"Close\" button to see changes.","taskProgress.preparingTask":"Preparing…","taskProgress.close":"Close","taskProgress.cancel":"Cancel","taskProgress.taskHasFailed":"Transfer failed. Please try again.","taskProgress.deleteTaskHasFailed":"Attempt to delete channel failed. Please try again.","taskProgress.deletingChannel":"Deleting channel…","taskProgress.downloadingChannelContents":"Downoading channel contents…","taskProgress.updatingChannel":"Updating channel…","selectImportSourceModal.cancel":"Cancel","selectImportSourceModal.continue":"Continue","selectImportSourceModal.network":"Kolibri Central Server","selectImportSourceModal.localDrives":"Attached drive or memory card","selectImportSourceModal.title":"Import from where?","availableChannelsPage.allLanguages":"All Languages","availableChannelsPage.channelsAvailable":"{channels, number, integer} {channels, plural, one {channel} other {channels} } available","availableChannelsPage.channelHeader":"Channel","availableChannelsPage.channels":"Channels","availableChannelsPage.exportToDisk":"Export to {driveName}","availableChannelsPage.importFromDisk":"Import from {driveName}","availableChannelsPage.kolibriCentralServer":"Kolibri Central Server","availableChannelsPage.languageFilterLabel":"Language:","availableChannelsPage.titleFilterPlaceholder":"Search for a channel…","availableChannelsPage.yourChannels":"Your channels","availableChannelsPage.channelTokenButtonLabel":"Try adding a token","availableChannelsPage.channelNotListedExplanation":"Don't see your channel listed?","channelTokenModal.cancel":"Cancel","channelTokenModal.channelTokenLabel":"Channel token","channelTokenModal.confirm":"Confirm","channelTokenModal.enterChannelToken":"Enter channel token","channelTokenModal.invalidTokenMessage":"Check whether you entered token correctly","channelTokenModal.networkErrorMessage":"Unable to connect to token","channelTokenModal.tokenExplanation":"Channel tokens unlock unlisted channels from Kolibri Studio","channelListItem.deleteButton":"Delete","channelListItem.onYourDevice":"On your device","channelListItem.resourcesSize":"{size} resources","channelListItem.selectButton":"Select","channelListItem.version":"Version {version}","channelListItem.defaultDescription":"(No description)","channelsGrid.emptyChannelListMessage":"No channels installed","channelsGrid.channelHeader":"Channel","deleteChannelModal.deleteActionDescription":"This channel will be deleted","deleteChannelModal.confirmationQuestion":"Are you sure you want to do this?","deleteChannelModal.restorationInstructions":"To restore this channel, you will need to re-import it from the internet or a storage device","deleteChannelModal.title":"Delete channel","deleteChannelModal.cancelButtonLabel":"Cancel","deleteChannelModal.confirmButtonLabel":"Confirm","deviceManagementTopNav.contentLabel":"Content","deviceManagementTopNav.permissionsLabel":"Permissions","deviceManagementTopNav.infoLabel":"Info"}
