{"topicTreeExplorationPageTitles.topicsForChannelPageTitle":"Topics - { currentChannelTitle }","topicTreeExplorationPageTitles.currentTopicForChannelPageTitle":"{ currentTopicTitle } - { currentChannelTitle }","topicTreeExplorationPageTitles.currentContentForChannelPageTitle":"{ currentContentTitle } - { currentChannelTitle }","topicTreeExplorationPageTitles.contentUnavailablePageTitle":"Content Unavailable","topicTreeExplorationPageTitles.searchPageTitle":"Search","topicTreeExplorationPageTitles.examsListPageTitle":"Exams","topicTreeExplorationPageTitles.currentExamPageTitle":"{ currentExamTitle} - { currentChannelTitle }","learnerRecommendationPageTitles.popularPageTitle":"Popular","learnerRecommendationPageTitles.resumePageTitle":"Resume","learnerRecommendationPageTitles.nextStepsPageTitle":"Next Steps","learnerRecommendationPageTitles.featuredInChannelPageTitle":"Featured - { currentChannel }","learnerRecommendationPageTitles.learnContentPageTitle":"{ currentContent } - { currentChannel }","learnerRecommendationPageTitles.learnPageTitle":"Learn","learn.learnTitle":"Learn","learn.recommended":"Recommended","learn.channels":"Channels","learn.exams":"Exams","searchBox.searchBoxLabel":"Search","searchBox.clearButtonLabel":"Clear","searchBox.startSearchButtonLabel":"Start search","totalPoints.pointsTooltip":"You have earned { points, number } points!","examPage.submitExam":"Submit exam","examPage.backToExamList":"Back to exam list","examPage.questionsAnswered":"{numAnswered, number} of {numTotal, number} {numTotal, plural, one {question} other {questions}} answered","examPage.previousQuestion":"Previous question","examPage.nextQuestion":"Next question","examPage.cancel":"Cancel","examPage.areYouSure":"Are you sure you want to submit your exam?","examPage.unanswered":"You have {numLeft, number} {numLeft, plural, one {question} other {questions}} unanswered","examPage.noItemId":"This question has an error, please move on to the next question","examAnswerHistory.question":"Question { num }","examIndex.examName":"Exams","examIndex.howManyCorrect":"{ score, number }/{ outOf, number } correct","examIndex.percentCorrect":"{pct, number, percent}","examIndex.questionsLeft":"{ left, number } questions left","examIndex.continue":"Continue","examIndex.start":"Start","examIndex.noExams":"You have no exams assigned","examIndex.assignedTo":"You have { assigned } {assigned, plural, one {exam} other {exams} } assigned","learnSearch.noSearch":"Search by typing something in the search box above","learnSearch.showingResultsFor":"Search results for \"{searchTerm}\"","learnSearch.noResultsMsg":"No results for \"{searchTerm}\"","contentCardGroupGrid.resourceType":"Type","contentCardGroupGrid.all":"All","contentCardGroupGrid.topics":"Topics","contentCardGroupGrid.exercises":"Exercises","contentCardGroupGrid.videos":"Videos","contentCardGroupGrid.audio":"Audio","contentCardGroupGrid.documents":"Documents","contentCardGroupGrid.html5":"HTML5 Apps","contentCardGroupGrid.channels":"Channels","learnBreadcrumbs.recommended":"Recommended","learnBreadcrumbs.channels":"Channels","learnContentUnavailable.header":"No content channels available","learnContentUnavailable.adminLink":"You can import content from the Content page if you have the proper permissions","recommendedSubpage.popularPageHeader":"Most popular","recommendedSubpage.resumePageHeader":"Resume","recommendedSubpage.nextStepsPageHeader":"Next steps","recommendedSubpage.featuredPageHeader":"Featured in {channelTitle}","recommendedSubpage.recommended":"Recommended","contentCardGroupHeader.viewMoreFromSectionButton":"View more","recommendedPage.popularSectionHeader":"Most popular","recommendedPage.suggestedNextStepsSectionHeader":"Next steps","recommendedPage.resumeSectionHeader":"Resume","recommendedPage.featuredSectionHeader":"Featured in { channelTitle }","contentCardCarousel.viewAllButtonLabel":"View all","learnContent.recommended":"Recommended","learnContent.nextContent":"Go to next item","learnContent.author":"Author: {author}","learnContent.license":"License: {license}","learnContent.toggleLicenseDescription":"Toggle license description","learnContent.copyrightHolder":"Copyright holder: {copyrightHolder}","pointsSlidein.plusPoints":"+ { maxPoints, number } Points","pointsSlidein.close":"Close","pointsPopup.plusPoints":"+ { maxPoints, number } Points","pointsPopup.niceWork":"Great work! Keep it up!","pointsPopup.nextContent":"Next Item","pointsPopup.topic":"Topic","pointsPopup.exercise":"Exercise","pointsPopup.video":"Video","pointsPopup.audio":"Audio","pointsPopup.document":"Document","pointsPopup.html5":"HTML5 app","pointsPopup.item":"Item","pointsPopup.close":"Close","pointsPopup.pointsForCompletion":"Points for completion","pointsPopup.signIn":"Sign in or create an account to save points you earn","assessmentWrapper.goal":"Try to get {count, number, integer} {count, plural, one {check mark} other {check marks}} to show up:","assessmentWrapper.tryAgain":"Try again!","assessmentWrapper.correct":"Correct!","assessmentWrapper.check":"Check","assessmentWrapper.next":"Next question","assessmentWrapper.itemError":"There was an error showing this item","learnTopics.topics":"Topics","learnTopics.navigate":"Navigate content using headings","learnChannels.channels":"Channels"}
