{"managementRoot.facilityTitle":"Facility","managementRoot.adminOrSuperuser":"You must be a signed in as an Admin or Superuser to view this page","userPage.filterUserType":"User kind","userPage.searchText":"Search for a user...","userPage.allUsers":"All","userPage.admins":"Admins","userPage.coaches":"Coaches","userPage.learners":"Learners","userPage.addNew":"Add New","userPage.fullName":"Full Name","userPage.users":"Users","userPage.kind":"Role","userPage.username":"Username","userPage.edit":"Edit","userPage.noUsersExist":"No Users Exist.","userPage.allUsersFilteredOut":"No users match the filter.","userPage.manage":"Manage","userPage.editUser":"Edit","userPage.resetUserPassword":"Reset password","userPage.deleteUser":"Delete","roleText.admin":"Admin","roleText.coach":"Coach","roleText.learner":"Learner","deleteUserModal.deleteUser":"Delete user","deleteUserModal.deleteConfirmation":"Are you sure you want to delete { username }?","deleteUserModal.no":"No","deleteUserModal.yes":"Yes","resetUserPasswordModal.resetPassword":"Reset user password","resetUserPasswordModal.username":"Username","resetUserPasswordModal.newPassword":"New password","resetUserPasswordModal.confirmNewPassword":"Confirm new password","resetUserPasswordModal.passwordMatchError":"Passwords do not match","resetUserPasswordModal.required":"This field is required","resetUserPasswordModal.cancel":"cancel","resetUserPasswordModal.save":"Save","editUserModal.editUser":"Edit user","editUserModal.fullName":"Full name","editUserModal.username":"Username","editUserModal.userKind":"User kind","editUserModal.admin":"Admin","editUserModal.coach":"Coach","editUserModal.learner":"Learner","editUserModal.save":"Save","editUserModal.cancel":"Cancel","editUserModal.required":"This field is required","editUserModal.usernameNotAlphaNumUnderscore":"Username can only contain letters, numbers, and underscores","userCreateModal.addNewAccountTitle":"Add new account","userCreateModal.name":"Full name","userCreateModal.username":"Username","userCreateModal.password":"Password","userCreateModal.reEnterPassword":"Re-enter password","userCreateModal.typeOfUser":"Type of user","userCreateModal.createAccount":"Create Account","userCreateModal.learner":"Learner","userCreateModal.coach":"Coach","userCreateModal.admin":"Admin","userCreateModal.usernameAlreadyExists":"Username already exists","userCreateModal.usernameNotAlphaNumUnderscore":"Username can only contain letters, numbers, and underscores","userCreateModal.pwMismatchError":"Passwords do not match","userCreateModal.unknownError":"Whoops, something went wrong. Try again","userCreateModal.loadingConfirmation":"Loading...","userCreateModal.required":"This field is required","topNav.classes":"Classes","topNav.data":"Data","topNav.settings":"Settings","topNav.users":"Users","classPage.allClasses":"All Classes","classPage.addNew":"Add New Class","classPage.deleteClass":"Delete Class","classPage.className":"Class Name","classPage.classes":"Users","classPage.members":"Members","classPage.actions":"Actions","classPage.noClassesExist":"No Classes Exist.","classDeleteModal.modalTitle":"Delete Class","classDeleteModal.delete":"Delete Class","classDeleteModal.cancel":"Cancel","classDeleteModal.description":"Users will only be removed from the class and are still accessible from the \"Users\" tab.","classDeleteModal.deleteConfirmation":"Are you sure you want to delete { classname }?","classCreateModal.addNewClassTitle":"Add New Class","classCreateModal.classname":"Class Name","classCreateModal.cancel":"Cancel","classCreateModal.create":"Create","classCreateModal.duplicateName":"A class with that name already exists","classCreateModal.required":"This field is required","facilityConfigPage.currentFacilityHeader":"Your current Facility","facilityConfigPage.learnerCanEditName":"Allow learners and coaches to edit their full name","facilityConfigPage.learnerCanEditPassword":"Allow learners and coaches to change their password when signed in","facilityConfigPage.learnerCanEditUsername":"Allow learners and coaches to edit their username","facilityConfigPage.learnerCanSignUp":"Allow learners to sign-up on this device","facilityConfigPage.learnerCanLoginWithNoPassword":"Allow learners to sign in with no password","facilityConfigPage.pageDescription":"Configure and change different Facility settings here.","facilityConfigPage.pageHeader":"Facility Settings","facilityConfigPage.resetToDefaultSettings":"Reset to default settings","facilityConfigPage.saveChanges":"Save changes","facilityConfigPage.settingsHeader":"Facility Settings","configPageNotifications.saveFailure":"There was a problem saving your settings","configPageNotifications.saveSuccess":"Facility settings updated!","configPageNotifications.pageloadFailure":"There was a problem loading your settings","confirmResetModal.cancel":"Cancel","confirmResetModal.changesWillBeLost":"Your changes will be lost","confirmResetModal.confirmationQuestion":"Reset your facility settings back to default?","confirmResetModal.reset":"Reset","confirmResetModal.title":"Reset settings to default","manageData.pageHeading":"Export usage data","manageData.pageSubHeading":"Download CSV (comma-separated value) files containing information about users and their interactions with the content on this device","manageData.detailsHeading":"Session logs","manageData.detailsSubHeading":"Individual visits to each piece of content","manageData.summaryHeading":"Summary logs","manageData.summarySubHeading":"Total time/progress for each piece of content","manageData.detailsInfo":"When a user views content, we record how long they spend and the progress they make. Each row in this file records a single visit a user made to a specific piece of content. This includes anonymous usage, when no user is signed in.","manageData.summaryInfo":"A user may visit the same piece of content multiple times. This file records the total time and progress each user has achieved for each piece of content, summarized across possibly more than one visit. Anonymous usage is not included.","manageData.download":"Download","manageData.note":"Note","manageData.noDownload":"Download is not supported on Android","managementClassEnroll.backToClassDetails":"Back to class details","managementClassEnroll.enrollSelectedUsers":"Review & save","managementClassEnroll.selectLearners":"Select users to enroll in {className}","managementClassEnroll.showingAllUnassigned":"Showing all users currently not enrolled in this class","managementClassEnroll.searchForUser":"Search for a user","managementClassEnroll.createNewUser":"New user account","managementClassEnroll.name":"Full name","managementClassEnroll.username":"Username","managementClassEnroll.selectedUsers":"Show selected users","managementClassEnroll.role":"Role","managementClassEnroll.noUsersExist":"No users exist","managementClassEnroll.noUsersSelected":"No users are selected","managementClassEnroll.noUsersMatch":"No users match","managementClassEnroll.previousResults":"Previous results","managementClassEnroll.nextResults":"Next results","managementClassEnroll.selectAllOnPage":"Select all on page","managementClassEnroll.allUsersAlready":"All users are already enrolled in this class","managementClassEnroll.search":"Search","managementClassEnroll.selectUser":"Select user","managementClassEnroll.pagination":"{ visibleStartRange, number } - { visibleEndRange, number } of { numFilteredUsers, number }","confirmEnrollmentModal.confirmEnrollment":"Confirm Enrollment of Selected Users","confirmEnrollmentModal.areYouSure":"Are you sure you want to enroll the following users into {className}?","confirmEnrollmentModal.noGoBack":"No, go back","confirmEnrollmentModal.yesEnrollUsers":"Yes, enroll learners","classEnrollPage.enrollUsers":"Enroll learners","classEnrollPage.tableTitle":"Manage learners in this class","classEnrollPage.searchText":"Find a learner or coach...","classEnrollPage.users":"Users","classEnrollPage.fullName":"Full name","classEnrollPage.username":"Username","classEnrollPage.role":"Role","classEnrollPage.learner":"Learner","classEnrollPage.coach":"Coach","classEnrollPage.remove":"Remove","classEnrollPage.noUsersExist":"No users in this class","classEnrollPage.allUsersFilteredOut":"No matching users","userRemoveModal.modalTitle":"Remove User from Class","userRemoveModal.remove":"Remove from Class","userRemoveModal.cancel":"Cancel","userRemoveModal.deleteConfirmation":"Are you sure you want to remove { username } from { classname }?","userRemoveModal.accessReassurance":"You can still access this account from { sectionTabName }","userRemoveModal.usersTab":"Users","classnameEditModal.modalTitle":"Change Class Name","classnameEditModal.classname":"Class Name","classnameEditModal.cancel":"Cancel","classnameEditModal.update":"Update","classnameEditModal.duplicateName":"A class with that name already exists","classnameEditModal.required":"This field is required"}
