{"videoRender.replay":"Go back 10 seconds","videoRender.forward":"Go forward 10 seconds","videoRender.play":"Play","videoRender.pause":"Pause","videoRender.currentTime":"Current time","videoRender.durationTime":"Duration time","videoRender.loaded":"Loaded","videoRender.progress":"Progress","videoRender.progressBar":"Progress bar","videoRender.fullscreen":"Fullscreen","videoRender.nonFullscreen":"Non-fullscreen","videoRender.mute":"Mute","videoRender.unmute":"Unmute","videoRender.playbackRate":"Playback rate","videoRender.captions":"Captions","videoRender.captionsOff":"Captions off","videoRender.volumeLevel":"Volume level","videoRender.networkError":"A network error caused the media download to fail part-way","videoRender.formatError":"The media could not be loaded, either because the server or network failed or because the format is not supported","videoRender.corruptionOrSupportError":"The media playback was aborted due to a corruption problem or because the media used features your browser did not support","videoRender.sourceError":"No compatible source was found for this media","videoRender.encryptionError":"The media is encrypted and we do not have the keys to decrypt it"}
