{"onboarding.onboardingNextStepButton":"Continue","onboarding.onboardingFinishButton":"Finish","selectPermissionsForm.facilityPermissionsSetupFormHeader":"Choose a Facility setup","selectPermissionsForm.facilityPermissionsSetupFormDescription":"How will you be using Kolibri? You can customize these settings later.","selectPermissionsForm.facilityPermissionsPresetDetailsLink":"Setup details","selectPermissionsForm.facilityPermissionsPresetDetailsHeader":"Facility setup details","selectPermissionsForm.adminManagedSetupTitle":"Admin-managed","selectPermissionsForm.adminManagedSetupDescription":"For schools and other formal learning contexts","selectPermissionsForm.selfManagedSetupTitle":"Self-managed","selectPermissionsForm.selfManagedSetupDescription":"For libraries, orphanages, correctional facilities, youth centers, computer labs, and other non-formal learning contexts","selectPermissionsForm.informalSetupTitle":"Informal and personal use","selectPermissionsForm.informalSetupDescription":"For parent-child learning, homeschooling, or supplementary individual learning","selectPermissionsForm.permissionsModalDismissText":"Close","selectPermissionsForm.enabledUserAccountDeletionPermissionDetail":"Guests can create their own accounts","selectPermissionsForm.disabledUserAccountDeletionPermissionDetail":"Admins must create all user accounts","selectPermissionsForm.enabledAccountEditPermissionDetail":"Users can edit their account information","selectPermissionsForm.disabledAccountEditPermissionDetail":"Users cannot edit their account information","selectPermissionsForm.enabledUserPasswordlessLoginPermissionDetail":"Users can sign in without their passwords","selectPermissionsForm.enabledUserSelfSignupPermissionDetail":"Guests can create their own accounts","selectPermissionsForm.disabledUserSelfSignupPermissionDetail":"Admins must create all user accounts","superuserCredentialsForm.adminAccountCreationHeader":"Create your Admin account","superuserCredentialsForm.adminAccountCreationDescription":"This account allows you to manage your Facility and content on this device.","superuserCredentialsForm.adminNameFieldLabel":"Full name","superuserCredentialsForm.adminUsernameFieldLabel":"Username","superuserCredentialsForm.adminPasswordFieldLabel":"Password","superuserCredentialsForm.adminPasswordConfirmationFieldLabel":"Enter password again","superuserCredentialsForm.nameFieldEmptyErrorMessage":"Full name cannot be empty","superuserCredentialsForm.usernameFieldEmptyErrorMessage":"Username cannot be empty","superuserCredentialsForm.usernameCharacterErrorMessage":"Username can only contain letters, numbers, and underscores","superuserCredentialsForm.passwordFieldEmptyErrorMessage":"Password cannot be empty","superuserCredentialsForm.passwordsMismatchErrorMessage":"Passwords do not match","superuserCredentialsForm.facilityFieldEmptyErrorMessage":"Facility cannot be empty","superuserCredentialsForm.setupProgressFeedback":"Setting up your device...","facilityNameForm.facilityNamingFormHeader":"Name your Facility","facilityNameForm.facilityNamingFormDescription":"A Facility is the location where you are installing Kolibri, such as a school or training center.","facilityNameForm.facilityNameFieldLabel":"Facility name","facilityNameForm.facilityNameFieldEmptyErrorMessage":"Facility cannot be empty","defaultLanguageForm.languageFormHeader":"Please select the default language for Kolibri","progressToolbar.progressIndicator":"Step {currentStep, number} of {totalSteps, number}","onboardingErrorPage.errorPageHeader":"Something went wrong!","onboardingErrorPage.errorPageSubheader":"Please check your server connection and retry.","onboardingErrorPage.errorPageAdditionalGuidance":"If retrying doesn't work, restart the server and refresh the page.","onboardingErrorPage.errorPageRetryButtonLabel":"Retry","onboardingLoadingPage.loadingPageHeader":"Setting up your facility...","onboardingLoadingPage.loadingPageSubheader":"Please be patient. Setup may take several minutes"}
