{"userPageTitles.userProfilePageTitle":"User Profile","userPageTitles.userSignInPageTitle":"User Sign In","userPageTitles.userSignUpPageTitle":"User Sign Up","userPlugin.userProfileTitle":"Profile","profilePage.genericError":"Something went wrong","profilePage.success":"Profile details updated!","profilePage.username":"Username","profilePage.name":"Full name","profilePage.updateProfile":"Save changes","profilePage.isLearner":"Learner","profilePage.isCoach":"Coach","profilePage.isAdmin":"Admin","profilePage.isSuperuser":"Superuser permissions ","profilePage.manageContent":"Manage content","profilePage.points":"Points","profilePage.role":"Role","profilePage.devicePermissions":"Device permissions","profilePage.usernameNotAlphaNumUnderscore":"Username can only contain letters, numbers, and underscores","profilePage.required":"This field is required","profilePage.limitedPermissions":"Limited permissions","profilePage.youCan":"You can","signUpPage.createAccount":"Create an account","signUpPage.name":"Full name","signUpPage.username":"Username","signUpPage.password":"Password","signUpPage.reEnterPassword":"Re-enter password","signUpPage.passwordMatchError":"Passwords do not match","signUpPage.genericError":"Something went wrong during sign up!","signUpPage.usernameAlphaNumError":"Username can only contain letters, numbers, and underscores","signUpPage.usernameAlreadyExistsError":"An account with that username already exists","signUpPage.logIn":"Sign in","signUpPage.kolibri":"Kolibri","signUpPage.finish":"Finish","signUpPage.facility":"Facility","signUpPage.required":"This field is required","signInPage.kolibri":"Kolibri","signInPage.signIn":"Sign in","signInPage.username":"Username","signInPage.password":"Password","signInPage.enterPassword":"Enter password","signInPage.noAccount":"Don't have an account?","signInPage.createAccount":"Create account","signInPage.accessAsGuest":"Access as guest","signInPage.signInError":"Incorrect username or password","signInPage.poweredBy":"Kolibri {version}","signInPage.required":"This field is required","signInPage.requiredForCoachesAdmins":"Password is required for coaches and admins","signInPage.signedOut":"You were automatically signed out due to inactivity","signInPage.dismiss":"Dismiss"}
